case_id,start_time,end_time,claim_value,product_group,Activity,Resource,role
103,2020-01-13T13:56:00,2020-01-13T14:07:00,13031.32, Health, Register Claim,Aria Bonilla,Claims Administrator
103,2020-01-14T13:05:00,2020-01-14T13:10:00,13031.32, Health, Analyze Claim,Korbin Miranda,Assessor
103,2020-01-14T13:14:00,2020-01-14T13:16:00,13031.32, Health, Assess Claim,Brynn Warren,Assessor
103,2020-01-14T18:54:00,2020-01-14T19:13:00,13031.32, Health, Finalize Assessment,Karter Chapman,Claims Officer
103,2020-01-16T06:16:00,2020-01-16T06:16:00,13031.32, Health, Approve Assessment,Matilda Escobar,Operations Manager
103,2020-01-16T11:26:00,2020-01-16T21:30:00,13031.32, Health, Prepare Claim Settlement,Rayna Jackson,Operations Manager
103,2020-01-19T18:57:00,2020-01-19T18:58:00,13031.32, Health, Approve Claim Settlement,Emilee Dorsey,Product Manager
103,2020-01-20T12:11:00,2020-01-20T12:11:00,13031.32, Health, Execute Claim Settlement,Katelyn Pitts,Claims Administrator
107,2020-01-13T20:04:00,2020-01-13T20:55:00,12912.95, Property, Register Claim,Dallas Melendez,Claims Administrator
107,2020-01-14T07:17:00,2020-01-14T07:24:00,12912.95, Property, Analyze Claim,Sonny Todd,Assessor
107,2020-01-14T07:29:00,2020-01-14T07:31:00,12912.95, Property, Assess Claim,Sonny Todd,Assessor
107,2020-01-16T22:29:00,2020-01-16T23:03:00,12912.95, Property, Finalize Assessment,Karter Chapman,Claims Officer
107,2020-01-19T23:44:00,2020-01-19T23:44:00,12912.95, Property, Approve Assessment,Jaslene Bean,Operations Manager
107,2020-01-20T02:21:00,2020-01-20T09:28:00,12912.95, Property, Prepare Claim Settlement,Karter Chapman,Operations Manager
107,2020-01-23T16:34:00,2020-01-23T16:35:00,12912.95, Property, Approve Claim Settlement,Rachael Tanner,Product Manager
107,2020-01-24T10:20:00,2020-01-24T10:20:00,12912.95, Property, Execute Claim Settlement,Katelyn Pitts,Claims Administrator
1080,2020-06-05T23:24:00,2020-06-05T23:38:00,13713.94, Motor, Register Claim,Jaylen Gardner,Claims Administrator
1080,2020-06-06T19:27:00,2020-06-06T19:36:00,13713.94, Motor, Analyze Claim,Korbin Miranda,Assessor
1080,2020-06-06T19:41:00,2020-06-06T19:43:00,13713.94, Motor, Assess Claim,Brynn Warren,Assessor
1080,2020-06-07T09:41:00,2020-06-07T09:52:00,13713.94, Motor, Finalize Assessment,Rayna Jackson,Claims Officer
1080,2020-06-09T00:17:00,2020-06-09T00:17:00,13713.94, Motor, Approve Assessment,Dallas Melendez,Operations Manager
1080,2020-06-09T04:20:00,2020-06-09T16:37:00,13713.94, Motor, Prepare Claim Settlement,Rayna Jackson,Operations Manager
1080,2020-06-17T08:19:00,2020-06-17T08:20:00,13713.94, Motor, Approve Claim Settlement,Dallas Melendez,Product Manager
1080,2020-06-19T23:15:00,2020-06-19T23:15:00,13713.94, Motor, Execute Claim Settlement,Giuliana Cantrell,Claims Administrator
117,2020-01-14T19:56:00,2020-01-14T20:07:00,16961.44, Property, Register Claim,Dallas Melendez,Claims Administrator
117,2020-01-15T15:15:00,2020-01-15T15:21:00,16961.44, Property, Analyze Claim,Sonny Todd,Assessor
117,2020-01-15T15:25:00,2020-01-15T15:27:00,16961.44, Property, Assess Claim,Korbin Miranda,Assessor
117,2020-01-17T00:41:00,2020-01-17T01:11:00,16961.44, Property, Finalize Assessment,Karter Chapman,Claims Officer
117,2020-01-17T15:34:00,2020-01-17T15:34:00,16961.44, Property, Approve Assessment,Bailee Barr,Operations Manager
117,2020-01-17T19:59:00,2020-01-18T09:34:00,16961.44, Property, Prepare Claim Settlement,Karter Chapman,Operations Manager
117,2020-01-22T13:29:00,2020-01-22T13:30:00,16961.44, Property, Approve Claim Settlement,Aria Bonilla,Product Manager
117,2020-01-23T21:23:00,2020-01-23T21:23:00,16961.44, Property, Execute Claim Settlement,Arturo Horton,Claims Administrator
118,2020-01-15T10:31:00,2020-01-15T11:16:00,802.39, Motor, Register Claim,Morgan Roach,Claims Administrator
118,2020-01-15T21:33:00,2020-01-15T21:40:00,802.39, Motor, Analyze Claim,Sonny Todd,Assessor
118,2020-01-15T21:45:00,2020-01-15T21:47:00,802.39, Motor, Assess Claim,Korbin Miranda,Assessor
118,2020-01-16T03:12:00,2020-01-16T03:46:00,802.39, Motor, Finalize Assessment,Rayna Jackson,Claims Officer
118,2020-01-17T02:26:00,2020-01-17T02:26:00,802.39, Motor, Approve Assessment,Mitchell Mckay,Operations Manager
118,2020-01-17T06:37:00,2020-01-17T16:00:00,802.39, Motor, Prepare Claim Settlement,Rayna Jackson,Operations Manager
118,2020-01-21T18:45:00,2020-01-21T18:46:00,802.39, Motor, Approve Claim Settlement,Dallas Melendez,Product Manager
118,2020-01-25T10:53:00,2020-01-25T10:53:00,802.39, Motor, Execute Claim Settlement,Arturo Horton,Claims Administrator
134,2020-01-17T21:00:00,2020-01-17T21:24:00,163.44, Motor, Register Claim,Bailee Barr,Claims Administrator
134,2020-01-18T14:18:00,2020-01-18T14:25:00,163.44, Motor, Analyze Claim,Brynn Warren,Assessor
134,2020-01-18T14:31:00,2020-01-18T14:32:00,163.44, Motor, Assess Claim,Korbin Miranda,Assessor
134,2020-01-23T02:48:00,2020-01-23T03:07:00,163.44, Motor, Finalize Assessment,Alyvia Berger,Claims Officer
134,2020-01-24T02:40:00,2020-01-24T02:40:00,163.44, Motor, Approve Assessment,Mitchell Mckay,Operations Manager
134,2020-01-24T05:42:00,2020-01-24T18:46:00,163.44, Motor, Prepare Claim Settlement,Rayna Jackson,Operations Manager
134,2020-01-29T10:32:00,2020-01-29T10:33:00,163.44, Motor, Approve Claim Settlement,Jaslene Bean,Product Manager
134,2020-01-31T17:42:00,2020-01-31T17:42:00,163.44, Motor, Execute Claim Settlement,Katelyn Pitts,Claims Administrator
141,2020-01-18T17:55:00,2020-01-18T18:10:00,343.03, Motor, Register Claim,Rachael Tanner,Claims Administrator
141,2020-01-19T06:19:00,2020-01-19T06:25:00,343.03, Motor, Analyze Claim,Brynn Warren,Assessor
141,2020-01-19T06:28:00,2020-01-19T06:30:00,343.03, Motor, Assess Claim,Brynn Warren,Assessor
141,2020-01-20T21:12:00,2020-01-20T21:24:00,343.03, Motor, Finalize Assessment,Rayna Jackson,Claims Officer
141,2020-01-22T06:35:00,2020-01-22T06:35:00,343.03, Motor, Approve Assessment,Bailee Barr,Operations Manager
141,2020-01-22T09:45:00,2020-01-22T19:57:00,343.03, Motor, Prepare Claim Settlement,Karter Chapman,Operations Manager
141,2020-01-24T23:59:00,2020-01-25T00:00:00,343.03, Motor, Approve Claim Settlement,Emilee Dorsey,Product Manager
141,2020-01-27T04:22:00,2020-01-27T04:22:00,343.03, Motor, Execute Claim Settlement,Kamila Leblanc,Claims Administrator
142,2020-01-18T19:38:00,2020-01-18T20:24:00,3160.18, Motor, Register Claim,Roland Salazar,Claims Administrator
142,2020-01-19T08:11:00,2020-01-19T08:17:00,3160.18, Motor, Analyze Claim,Sonny Todd,Assessor
142,2020-01-19T08:23:00,2020-01-19T08:24:00,3160.18, Motor, Assess Claim,Sonny Todd,Assessor
142,2020-01-23T04:53:00,2020-01-23T05:08:00,3160.18, Motor, Finalize Assessment,Alyvia Berger,Claims Officer
142,2020-01-23T18:48:00,2020-01-23T18:48:00,3160.18, Motor, Approve Assessment,Bailee Barr,Operations Manager
142,2020-01-24T03:05:00,2020-01-24T08:48:00,3160.18, Motor, Prepare Claim Settlement,Karter Chapman,Operations Manager
142,2020-01-31T06:31:00,2020-01-31T06:32:00,3160.18, Motor, Approve Claim Settlement,Nathanial Oliver,Product Manager
142,2020-01-31T22:25:00,2020-01-31T22:25:00,3160.18, Motor, Execute Claim Settlement,Mariam Tate,Claims Administrator
1439,2020-07-26T12:14:00,2020-07-26T12:22:00,9895.61, Property, Register Claim,Jaslene Bean,Claims Administrator
1439,2020-07-27T09:15:00,2020-07-27T09:21:00,9895.61, Property, Analyze Claim,Brynn Warren,Assessor
1439,2020-07-27T09:26:00,2020-07-27T09:28:00,9895.61, Property, Assess Claim,Korbin Miranda,Assessor
1439,2020-07-28T12:54:00,2020-07-28T13:07:00,9895.61, Property, Finalize Assessment,Alyvia Berger,Claims Officer
1439,2020-07-30T05:30:00,2020-07-30T05:30:00,9895.61, Property, Approve Assessment,Mitchell Mckay,Operations Manager
1439,2020-07-31T02:16:00,2020-07-31T14:11:00,9895.61, Property, Prepare Claim Settlement,Rayna Jackson,Operations Manager
1439,2020-08-07T20:26:00,2020-08-07T20:27:00,9895.61, Property, Approve Claim Settlement,Jaslene Bean,Product Manager
1439,2020-08-08T13:28:00,2020-08-08T13:28:00,9895.61, Property, Execute Claim Settlement,Giuliana Cantrell,Claims Administrator
1592,2020-08-18T11:23:00,2020-08-18T12:06:00,10285.85, Motor, Register Claim,Jaylen Gardner,Claims Administrator
1592,2020-08-19T03:29:00,2020-08-19T03:34:00,10285.85, Motor, Analyze Claim,Brynn Warren,Assessor
1592,2020-08-19T03:41:00,2020-08-19T03:42:00,10285.85, Motor, Assess Claim,Korbin Miranda,Assessor
1592,2020-08-20T08:21:00,2020-08-20T08:36:00,10285.85, Motor, Finalize Assessment,Karter Chapman,Claims Officer
1592,2020-08-22T05:14:00,2020-08-22T05:14:00,10285.85, Motor, Approve Assessment,Hugh Collins,Operations Manager
1592,2020-08-22T21:15:00,2020-08-23T05:22:00,10285.85, Motor, Prepare Claim Settlement,Rayna Jackson,Operations Manager
1592,2020-08-26T11:07:00,2020-08-26T11:08:00,10285.85, Motor, Approve Claim Settlement,Hugh Collins,Product Manager
1592,2020-09-01T05:07:00,2020-09-01T05:07:00,10285.85, Motor, Execute Claim Settlement,Katelyn Pitts,Claims Administrator
162,2020-01-21T23:18:00,2020-01-21T23:24:00,13106.38, Motor, Register Claim,Rachael Tanner,Claims Administrator
162,2020-01-22T20:25:00,2020-01-22T20:31:00,13106.38, Motor, Analyze Claim,Brynn Warren,Assessor
162,2020-01-22T20:38:00,2020-01-22T20:40:00,13106.38, Motor, Assess Claim,Sonny Todd,Assessor
162,2020-01-23T03:07:00,2020-01-23T03:26:00,13106.38, Motor, Finalize Assessment,Alyvia Berger,Claims Officer
162,2020-01-24T18:30:00,2020-01-24T18:30:00,13106.38, Motor, Approve Assessment,Emilee Dorsey,Operations Manager
162,2020-01-25T04:42:00,2020-01-25T12:02:00,13106.38, Motor, Prepare Claim Settlement,Rayna Jackson,Operations Manager
162,2020-01-31T08:31:00,2020-01-31T08:32:00,13106.38, Motor, Approve Claim Settlement,Nathanial Oliver,Product Manager
162,2020-01-31T20:06:00,2020-01-31T20:06:00,13106.38, Motor, Execute Claim Settlement,Katelyn Pitts,Claims Administrator
164,2020-01-22T02:13:00,2020-01-22T02:57:00,5666.02, Motor, Register Claim,Hugh Collins,Claims Administrator
164,2020-01-22T15:24:00,2020-01-22T15:30:00,5666.02, Motor, Analyze Claim,Sonny Todd,Assessor
164,2020-01-22T15:35:00,2020-01-22T15:37:00,5666.02, Motor, Assess Claim,Korbin Miranda,Assessor
164,2020-01-23T05:43:00,2020-01-23T05:56:00,5666.02, Motor, Finalize Assessment,Rayna Jackson,Claims Officer
164,2020-01-24T18:45:00,2020-01-24T18:45:00,5666.02, Motor, Approve Assessment,Hugh Collins,Operations Manager
164,2020-01-25T02:31:00,2020-01-25T08:25:00,5666.02, Motor, Prepare Claim Settlement,Alyvia Berger,Operations Manager
164,2020-01-28T21:54:00,2020-01-28T21:55:00,5666.02, Motor, Approve Claim Settlement,Aria Bonilla,Product Manager
164,2020-01-30T22:20:00,2020-01-30T22:20:00,5666.02, Motor, Execute Claim Settlement,Mariam Tate,Claims Administrator
171,2020-01-23T17:59:00,2020-01-23T18:11:00,5010.94, Property, Register Claim,Jaslene Bean,Claims Administrator
171,2020-01-24T12:30:00,2020-01-24T12:37:00,5010.94, Property, Analyze Claim,Korbin Miranda,Assessor
171,2020-01-24T12:42:00,2020-01-24T12:44:00,5010.94, Property, Assess Claim,Korbin Miranda,Assessor
171,2020-01-28T20:03:00,2020-01-28T20:28:00,5010.94, Property, Finalize Assessment,Karter Chapman,Claims Officer
171,2020-01-30T07:53:00,2020-01-30T07:53:00,5010.94, Property, Approve Assessment,Lexi Larsen,Operations Manager
171,2020-01-30T19:49:00,2020-01-31T08:46:00,5010.94, Property, Prepare Claim Settlement,Alyvia Berger,Operations Manager
171,2020-02-04T18:15:00,2020-02-04T18:16:00,5010.94, Property, Approve Claim Settlement,Dallas Melendez,Product Manager
171,2020-02-05T12:11:00,2020-02-05T12:11:00,5010.94, Property, Execute Claim Settlement,Katelyn Pitts,Claims Administrator
176,2020-01-24T06:41:00,2020-01-24T07:32:00,20212.41, Property, Register Claim,Lexi Larsen,Claims Administrator
176,2020-01-25T00:47:00,2020-01-25T00:55:00,20212.41, Property, Analyze Claim,Korbin Miranda,Assessor
176,2020-01-25T01:00:00,2020-01-25T01:01:00,20212.41, Property, Assess Claim,Brynn Warren,Assessor
176,2020-01-25T22:51:00,2020-01-25T23:12:00,20212.41, Property, Finalize Assessment,Alyvia Berger,Claims Officer
176,2020-01-27T01:11:00,2020-01-27T01:11:00,20212.41, Property, Approve Assessment,Lexi Larsen,Operations Manager
176,2020-01-28T00:24:00,2020-01-28T11:58:00,20212.41, Property, Prepare Claim Settlement,Alyvia Berger,Operations Manager
176,2020-02-03T03:09:00,2020-02-03T03:10:00,20212.41, Property, Approve Claim Settlement,Lexi Larsen,Product Manager
176,2020-02-06T00:45:00,2020-02-06T00:45:00,20212.41, Property, Execute Claim Settlement,Mariam Tate,Claims Administrator
18,2020-01-02T19:36:00,2020-01-02T19:52:00,6459.25, Motor, Register Claim,Morgan Roach,Claims Administrator
18,2020-01-03T20:45:00,2020-01-03T20:49:00,6459.25, Motor, Analyze Claim,Brynn Warren,Assessor
18,2020-01-03T20:54:00,2020-01-03T20:57:00,6459.25, Motor, Assess Claim,Brynn Warren,Assessor
18,2020-01-03T22:15:00,2020-01-03T22:36:00,6459.25, Motor, Finalize Assessment,Karter Chapman,Claims Officer
18,2020-01-04T21:57:00,2020-01-04T21:57:00,6459.25, Motor, Approve Assessment,Jaslene Bean,Operations Manager
18,2020-01-05T17:36:00,2020-01-06T07:03:00,6459.25, Motor, Prepare Claim Settlement,Karter Chapman,Operations Manager
18,2020-01-08T23:51:00,2020-01-08T23:52:00,6459.25, Motor, Approve Claim Settlement,Dallas Melendez,Product Manager
18,2020-01-09T15:46:00,2020-01-09T15:46:00,6459.25, Motor, Execute Claim Settlement,Giuliana Cantrell,Claims Administrator
180,2020-01-24T17:16:00,2020-01-24T18:12:00,14084.54, Motor, Register Claim,Rachael Tanner,Claims Administrator
180,2020-01-25T06:51:00,2020-01-25T06:55:00,14084.54, Motor, Analyze Claim,Sonny Todd,Assessor
180,2020-01-25T07:01:00,2020-01-25T07:04:00,14084.54, Motor, Assess Claim,Korbin Miranda,Assessor
180,2020-01-25T17:15:00,2020-01-25T17:37:00,14084.54, Motor, Finalize Assessment,Karter Chapman,Claims Officer
180,2020-01-27T03:40:00,2020-01-27T03:40:00,14084.54, Motor, Approve Assessment,Nathanial Oliver,Operations Manager
180,2020-01-27T15:15:00,2020-01-27T22:40:00,14084.54, Motor, Prepare Claim Settlement,Karter Chapman,Operations Manager
180,2020-02-03T14:10:00,2020-02-03T14:11:00,14084.54, Motor, Approve Claim Settlement,Aria Bonilla,Product Manager
180,2020-02-06T02:54:00,2020-02-06T02:54:00,14084.54, Motor, Execute Claim Settlement,Mariam Tate,Claims Administrator
185,2020-01-24T23:36:00,2020-01-25T00:24:00,9826.95, Business, Register Claim,Mitchell Mckay,Claims Administrator
185,2020-01-25T10:52:00,2020-01-25T10:56:00,9826.95, Business, Analyze Claim,Sonny Todd,Assessor
185,2020-01-25T11:01:00,2020-01-25T11:02:00,9826.95, Business, Assess Claim,Brynn Warren,Assessor
185,2020-01-26T00:42:00,2020-01-26T01:02:00,9826.95, Business, Finalize Assessment,Karter Chapman,Claims Officer
185,2020-01-28T01:50:00,2020-01-28T01:50:00,9826.95, Business, Approve Assessment,Jaslene Bean,Operations Manager
185,2020-01-30T10:43:00,2020-01-30T20:51:00,9826.95, Business, Prepare Claim Settlement,Rayna Jackson,Operations Manager
185,2020-02-04T03:46:00,2020-02-04T03:47:00,9826.95, Business, Approve Claim Settlement,Dallas Melendez,Product Manager
185,2020-02-04T23:52:00,2020-02-04T23:52:00,9826.95, Business, Execute Claim Settlement,Arturo Horton,Claims Administrator
186,2020-01-25T00:57:00,2020-01-25T01:10:00,6276.43, Property, Register Claim,Roland Salazar,Claims Administrator
186,2020-01-25T20:58:00,2020-01-25T21:05:00,6276.43, Property, Analyze Claim,Korbin Miranda,Assessor
186,2020-01-25T21:09:00,2020-01-25T21:11:00,6276.43, Property, Assess Claim,Sonny Todd,Assessor
186,2020-01-25T22:22:00,2020-01-25T22:34:00,6276.43, Property, Finalize Assessment,Karter Chapman,Claims Officer
186,2020-01-28T10:04:00,2020-01-28T10:04:00,6276.43, Property, Approve Assessment,Rachael Tanner,Operations Manager
186,2020-01-28T15:23:00,2020-01-28T20:03:00,6276.43, Property, Prepare Claim Settlement,Karter Chapman,Operations Manager
186,2020-01-31T10:52:00,2020-01-31T10:53:00,6276.43, Property, Approve Claim Settlement,Roland Salazar,Product Manager
186,2020-02-02T01:56:00,2020-02-02T01:56:00,6276.43, Property, Execute Claim Settlement,Giuliana Cantrell,Claims Administrator
19,2020-01-02T20:47:00,2020-01-02T21:36:00,16266.17, Health, Register Claim,Mitchell Mckay,Claims Administrator
19,2020-01-03T21:35:00,2020-01-03T21:43:00,16266.17, Health, Analyze Claim,Sonny Todd,Assessor
19,2020-01-03T21:49:00,2020-01-03T21:50:00,16266.17, Health, Assess Claim,Korbin Miranda,Assessor
19,2020-01-03T23:00:00,2020-01-03T23:30:00,16266.17, Health, Finalize Assessment,Alyvia Berger,Claims Officer
19,2020-01-05T03:52:00,2020-01-05T03:52:00,16266.17, Health, Approve Assessment,Roland Salazar,Operations Manager
19,2020-01-05T09:16:00,2020-01-05T17:09:00,16266.17, Health, Prepare Claim Settlement,Karter Chapman,Operations Manager
19,2020-01-07T16:54:00,2020-01-07T16:55:00,16266.17, Health, Approve Claim Settlement,Nathanial Oliver,Product Manager
19,2020-01-08T13:28:00,2020-01-08T13:28:00,16266.17, Health, Execute Claim Settlement,Giuliana Cantrell,Claims Administrator
197,2020-01-25T23:13:00,2020-01-25T23:47:00,6007.37, Motor, Register Claim,Lexi Larsen,Claims Administrator
197,2020-01-26T18:41:00,2020-01-26T18:45:00,6007.37, Motor, Analyze Claim,Korbin Miranda,Assessor
197,2020-01-26T18:50:00,2020-01-26T18:52:00,6007.37, Motor, Assess Claim,Korbin Miranda,Assessor
197,2020-01-31T07:47:00,2020-01-31T08:19:00,6007.37, Motor, Finalize Assessment,Rayna Jackson,Claims Officer
197,2020-01-31T19:42:00,2020-01-31T19:42:00,6007.37, Motor, Approve Assessment,Hugh Collins,Operations Manager
197,2020-01-31T22:38:00,2020-02-01T12:13:00,6007.37, Motor, Prepare Claim Settlement,Rayna Jackson,Operations Manager
197,2020-02-05T05:35:00,2020-02-05T05:36:00,6007.37, Motor, Approve Claim Settlement,Nathanial Oliver,Product Manager
197,2020-02-06T00:24:00,2020-02-06T00:24:00,6007.37, Motor, Execute Claim Settlement,Mariam Tate,Claims Administrator
207,2020-01-27T02:05:00,2020-01-27T02:57:00,7609.32, Property, Register Claim,Roland Salazar,Claims Administrator
207,2020-01-27T19:53:00,2020-01-27T19:58:00,7609.32, Property, Analyze Claim,Sonny Todd,Assessor
207,2020-01-27T20:02:00,2020-01-27T20:04:00,7609.32, Property, Assess Claim,Korbin Miranda,Assessor
207,2020-01-31T09:00:00,2020-01-31T09:34:00,7609.32, Property, Finalize Assessment,Rayna Jackson,Claims Officer
207,2020-02-01T19:50:00,2020-02-01T19:50:00,7609.32, Property, Approve Assessment,Hugh Collins,Operations Manager
207,2020-02-02T12:57:00,2020-02-02T19:54:00,7609.32, Property, Prepare Claim Settlement,Rayna Jackson,Operations Manager
207,2020-02-07T09:12:00,2020-02-07T09:13:00,7609.32, Property, Approve Claim Settlement,Emilee Dorsey,Product Manager
207,2020-02-08T20:37:00,2020-02-08T20:37:00,7609.32, Property, Execute Claim Settlement,Katelyn Pitts,Claims Administrator
210,2020-01-27T11:34:00,2020-01-27T11:57:00,383.68, Property, Register Claim,Rachael Tanner,Claims Administrator
210,2020-01-28T12:12:00,2020-01-28T12:16:00,383.68, Property, Analyze Claim,Korbin Miranda,Assessor
210,2020-01-28T12:21:00,2020-01-28T12:22:00,383.68, Property, Assess Claim,Brynn Warren,Assessor
210,2020-01-31T10:03:00,2020-01-31T10:42:00,383.68, Property, Finalize Assessment,Alyvia Berger,Claims Officer
210,2020-02-03T08:23:00,2020-02-03T08:23:00,383.68, Property, Approve Assessment,Lexi Larsen,Operations Manager
210,2020-02-03T21:53:00,2020-02-04T08:46:00,383.68, Property, Prepare Claim Settlement,Karter Chapman,Operations Manager
210,2020-02-09T19:45:00,2020-02-09T19:46:00,383.68, Property, Approve Claim Settlement,Rachael Tanner,Product Manager
210,2020-02-10T07:45:00,2020-02-10T07:45:00,383.68, Property, Execute Claim Settlement,Arturo Horton,Claims Administrator
224,2020-01-29T18:22:00,2020-01-29T18:32:00,4055.04, Motor, Register Claim,Hugh Collins,Claims Administrator
224,2020-01-30T13:18:00,2020-01-30T13:26:00,4055.04, Motor, Analyze Claim,Korbin Miranda,Assessor
224,2020-01-30T13:33:00,2020-01-30T13:34:00,4055.04, Motor, Assess Claim,Sonny Todd,Assessor
224,2020-01-31T05:34:00,2020-01-31T05:46:00,4055.04, Motor, Finalize Assessment,Rayna Jackson,Claims Officer
224,2020-02-01T03:15:00,2020-02-01T03:15:00,4055.04, Motor, Approve Assessment,Emilee Dorsey,Operations Manager
224,2020-02-03T23:32:00,2020-02-04T07:53:00,4055.04, Motor, Prepare Claim Settlement,Alyvia Berger,Operations Manager
224,2020-02-10T06:59:00,2020-02-10T07:00:00,4055.04, Motor, Approve Claim Settlement,Emilee Dorsey,Product Manager
224,2020-02-11T04:10:00,2020-02-11T04:10:00,4055.04, Motor, Execute Claim Settlement,Katelyn Pitts,Claims Administrator
226,2020-01-30T01:12:00,2020-01-30T01:44:00,14587.33, Motor, Register Claim,Lexi Larsen,Claims Administrator
226,2020-01-30T23:10:00,2020-01-30T23:16:00,14587.33, Motor, Analyze Claim,Sonny Todd,Assessor
226,2020-01-30T23:22:00,2020-01-30T23:23:00,14587.33, Motor, Assess Claim,Brynn Warren,Assessor
226,2020-01-31T11:10:00,2020-01-31T11:13:00,14587.33, Motor, Finalize Assessment,Rayna Jackson,Claims Officer
226,2020-02-01T21:47:00,2020-02-01T21:47:00,14587.33, Motor, Approve Assessment,Dallas Melendez,Operations Manager
226,2020-02-03T06:23:00,2020-02-03T20:15:00,14587.33, Motor, Prepare Claim Settlement,Rayna Jackson,Operations Manager
226,2020-02-06T05:39:00,2020-02-06T05:40:00,14587.33, Motor, Approve Claim Settlement,Rachael Tanner,Product Manager
226,2020-02-08T18:00:00,2020-02-08T18:00:00,14587.33, Motor, Execute Claim Settlement,Kamila Leblanc,Claims Administrator
235,2020-01-31T13:49:00,2020-01-31T14:20:00,13151.36, Motor, Register Claim,Dallas Melendez,Claims Administrator
235,2020-02-01T01:26:00,2020-02-01T01:32:00,13151.36, Motor, Analyze Claim,Brynn Warren,Assessor
235,2020-02-01T01:39:00,2020-02-01T01:41:00,13151.36, Motor, Assess Claim,Sonny Todd,Assessor
235,2020-02-05T11:11:00,2020-02-05T11:23:00,13151.36, Motor, Finalize Assessment,Alyvia Berger,Claims Officer
235,2020-02-08T04:57:00,2020-02-08T04:57:00,13151.36, Motor, Approve Assessment,Nathanial Oliver,Operations Manager
235,2020-02-08T18:09:00,2020-02-09T06:34:00,13151.36, Motor, Prepare Claim Settlement,Alyvia Berger,Operations Manager
235,2020-02-12T16:46:00,2020-02-12T16:47:00,13151.36, Motor, Approve Claim Settlement,Emilee Dorsey,Product Manager
235,2020-02-13T18:13:00,2020-02-13T18:13:00,13151.36, Motor, Execute Claim Settlement,Katelyn Pitts,Claims Administrator
242,2020-02-02T03:18:00,2020-02-02T03:26:00,18060.58, Motor, Register Claim,Lexi Larsen,Claims Administrator
242,2020-02-02T18:18:00,2020-02-02T18:23:00,18060.58, Motor, Analyze Claim,Korbin Miranda,Assessor
242,2020-02-02T18:28:00,2020-02-02T18:31:00,18060.58, Motor, Assess Claim,Korbin Miranda,Assessor
242,2020-02-05T07:45:00,2020-02-05T08:24:00,18060.58, Motor, Finalize Assessment,Rayna Jackson,Claims Officer
242,2020-02-06T04:54:00,2020-02-06T04:54:00,18060.58, Motor, Approve Assessment,Matilda Escobar,Operations Manager
242,2020-02-07T08:57:00,2020-02-07T19:11:00,18060.58, Motor, Prepare Claim Settlement,Rayna Jackson,Operations Manager
242,2020-02-11T00:30:00,2020-02-11T00:31:00,18060.58, Motor, Approve Claim Settlement,Emilee Dorsey,Product Manager
242,2020-02-12T09:19:00,2020-02-12T09:19:00,18060.58, Motor, Execute Claim Settlement,Katelyn Pitts,Claims Administrator
25,2020-01-03T07:19:00,2020-01-03T08:08:00,1670.84, Motor, Register Claim,Jaslene Bean,Claims Administrator
25,2020-01-04T02:11:00,2020-01-04T02:15:00,1670.84, Motor, Analyze Claim,Sonny Todd,Assessor
25,2020-01-04T02:22:00,2020-01-04T02:23:00,1670.84, Motor, Assess Claim,Brynn Warren,Assessor
25,2020-01-04T03:27:00,2020-01-04T04:02:00,1670.84, Motor, Finalize Assessment,Alyvia Berger,Claims Officer
25,2020-01-05T00:51:00,2020-01-05T00:51:00,1670.84, Motor, Approve Assessment,Hugh Collins,Operations Manager
25,2020-01-05T05:57:00,2020-01-05T17:54:00,1670.84, Motor, Prepare Claim Settlement,Rayna Jackson,Operations Manager
25,2020-01-07T17:18:00,2020-01-07T17:19:00,1670.84, Motor, Approve Claim Settlement,Jaylen Gardner,Product Manager
25,2020-01-10T00:11:00,2020-01-10T00:11:00,1670.84, Motor, Execute Claim Settlement,Mariam Tate,Claims Administrator
250,2020-02-03T05:38:00,2020-02-03T05:56:00,23460.63, Health, Register Claim,Aria Bonilla,Claims Administrator
250,2020-02-04T05:50:00,2020-02-04T05:54:00,23460.63, Health, Analyze Claim,Brynn Warren,Assessor
250,2020-02-04T06:01:00,2020-02-04T06:03:00,23460.63, Health, Assess Claim,Sonny Todd,Assessor
250,2020-02-05T23:21:00,2020-02-05T23:55:00,23460.63, Health, Finalize Assessment,Rayna Jackson,Claims Officer
250,2020-02-07T17:06:00,2020-02-07T17:06:00,23460.63, Health, Approve Assessment,Roland Salazar,Operations Manager
250,2020-02-07T21:27:00,2020-02-08T03:17:00,23460.63, Health, Prepare Claim Settlement,Karter Chapman,Operations Manager
250,2020-02-12T12:26:00,2020-02-12T12:27:00,23460.63, Health, Approve Claim Settlement,Dallas Melendez,Product Manager
250,2020-02-13T17:56:00,2020-02-13T17:56:00,23460.63, Health, Execute Claim Settlement,Katelyn Pitts,Claims Administrator
258,2020-02-05T14:51:00,2020-02-05T15:27:00,5079.89, Property, Register Claim,Matilda Escobar,Claims Administrator
258,2020-02-06T06:36:00,2020-02-06T06:45:00,5079.89, Property, Analyze Claim,Korbin Miranda,Assessor
258,2020-02-06T06:49:00,2020-02-06T06:52:00,5079.89, Property, Assess Claim,Korbin Miranda,Assessor
258,2020-02-08T17:37:00,2020-02-08T18:09:00,5079.89, Property, Finalize Assessment,Alyvia Berger,Claims Officer
258,2020-02-09T21:45:00,2020-02-09T21:45:00,5079.89, Property, Approve Assessment,Emilee Dorsey,Operations Manager
258,2020-02-09T23:48:00,2020-02-10T04:38:00,5079.89, Property, Prepare Claim Settlement,Alyvia Berger,Operations Manager
258,2020-02-14T16:37:00,2020-02-14T16:38:00,5079.89, Property, Approve Claim Settlement,Nathanial Oliver,Product Manager
258,2020-02-15T09:10:00,2020-02-15T09:10:00,5079.89, Property, Execute Claim Settlement,Mariam Tate,Claims Administrator
259,2020-02-05T15:13:00,2020-02-05T15:26:00,5253.04, Health, Register Claim,Roland Salazar,Claims Administrator
259,2020-02-06T05:28:00,2020-02-06T05:32:00,5253.04, Health, Analyze Claim,Sonny Todd,Assessor
259,2020-02-06T05:38:00,2020-02-06T05:39:00,5253.04, Health, Assess Claim,Sonny Todd,Assessor
259,2020-02-09T17:24:00,2020-02-09T17:55:00,5253.04, Health, Finalize Assessment,Karter Chapman,Claims Officer
259,2020-02-10T15:30:00,2020-02-10T15:30:00,5253.04, Health, Approve Assessment,Hugh Collins,Operations Manager
259,2020-02-11T00:46:00,2020-02-11T07:29:00,5253.04, Health, Prepare Claim Settlement,Karter Chapman,Operations Manager
259,2020-02-14T16:21:00,2020-02-14T16:22:00,5253.04, Health, Approve Claim Settlement,Jaylen Gardner,Product Manager
259,2020-02-15T09:36:00,2020-02-15T09:36:00,5253.04, Health, Execute Claim Settlement,Mariam Tate,Claims Administrator
27,2020-01-03T17:22:00,2020-01-03T18:16:00,23780.07, Health, Register Claim,Bailee Barr,Claims Administrator
27,2020-01-04T06:27:00,2020-01-04T06:32:00,23780.07, Health, Analyze Claim,Sonny Todd,Assessor
27,2020-01-04T06:37:00,2020-01-04T06:39:00,23780.07, Health, Assess Claim,Korbin Miranda,Assessor
27,2020-01-04T10:23:00,2020-01-04T10:51:00,23780.07, Health, Finalize Assessment,Karter Chapman,Claims Officer
27,2020-01-05T12:25:00,2020-01-05T12:25:00,23780.07, Health, Approve Assessment,Bailee Barr,Operations Manager
27,2020-01-06T02:42:00,2020-01-06T13:20:00,23780.07, Health, Prepare Claim Settlement,Alyvia Berger,Operations Manager
27,2020-01-07T23:11:00,2020-01-07T23:12:00,23780.07, Health, Approve Claim Settlement,Hugh Collins,Product Manager
27,2020-01-10T00:11:00,2020-01-10T00:11:00,23780.07, Health, Execute Claim Settlement,Mariam Tate,Claims Administrator
29,2020-01-04T02:27:00,2020-01-04T02:46:00,1785.08, Motor, Register Claim,Mitchell Mckay,Claims Administrator
29,2020-01-04T17:25:00,2020-01-04T17:29:00,1785.08, Motor, Analyze Claim,Sonny Todd,Assessor
29,2020-01-04T17:35:00,2020-01-04T17:37:00,1785.08, Motor, Assess Claim,Korbin Miranda,Assessor
29,2020-01-04T19:03:00,2020-01-04T19:42:00,1785.08, Motor, Finalize Assessment,Rayna Jackson,Claims Officer
29,2020-01-06T17:33:00,2020-01-06T17:33:00,1785.08, Motor, Approve Assessment,Hugh Collins,Operations Manager
29,2020-01-06T20:57:00,2020-01-07T08:00:00,1785.08, Motor, Prepare Claim Settlement,Alyvia Berger,Operations Manager
29,2020-01-11T00:42:00,2020-01-11T00:43:00,1785.08, Motor, Approve Claim Settlement,Bailee Barr,Product Manager
29,2020-01-12T12:19:00,2020-01-12T12:19:00,1785.08, Motor, Execute Claim Settlement,Katelyn Pitts,Claims Administrator
293,2020-02-09T13:06:00,2020-02-09T13:54:00,569.89, Property, Register Claim,Rachael Tanner,Claims Administrator
293,2020-02-10T06:44:00,2020-02-10T06:53:00,569.89, Property, Analyze Claim,Sonny Todd,Assessor
293,2020-02-10T06:58:00,2020-02-10T07:00:00,569.89, Property, Assess Claim,Sonny Todd,Assessor
293,2020-02-14T22:41:00,2020-02-14T22:54:00,569.89, Property, Finalize Assessment,Alyvia Berger,Claims Officer
293,2020-02-15T10:16:00,2020-02-15T10:16:00,569.89, Property, Approve Assessment,Lexi Larsen,Operations Manager
293,2020-02-15T12:04:00,2020-02-15T20:08:00,569.89, Property, Prepare Claim Settlement,Alyvia Berger,Operations Manager
293,2020-02-18T01:28:00,2020-02-18T01:29:00,569.89, Property, Approve Claim Settlement,Lexi Larsen,Product Manager
293,2020-02-20T18:10:00,2020-02-20T18:10:00,569.89, Property, Execute Claim Settlement,Kamila Leblanc,Claims Administrator
309,2020-02-12T22:05:00,2020-02-12T22:54:00,3131.07, Health, Register Claim,Jaslene Bean,Claims Administrator
309,2020-02-13T10:41:00,2020-02-13T10:49:00,3131.07, Health, Analyze Claim,Brynn Warren,Assessor
309,2020-02-13T10:57:00,2020-02-13T10:59:00,3131.07, Health, Assess Claim,Korbin Miranda,Assessor
309,2020-02-17T07:10:00,2020-02-17T07:27:00,3131.07, Health, Finalize Assessment,Rayna Jackson,Claims Officer
309,2020-02-19T12:22:00,2020-02-19T12:22:00,3131.07, Health, Approve Assessment,Aria Bonilla,Operations Manager
309,2020-02-19T16:34:00,2020-02-20T03:10:00,3131.07, Health, Prepare Claim Settlement,Karter Chapman,Operations Manager
309,2020-02-23T12:06:00,2020-02-23T12:07:00,3131.07, Health, Approve Claim Settlement,Dallas Melendez,Product Manager
309,2020-02-25T18:03:00,2020-02-25T18:03:00,3131.07, Health, Execute Claim Settlement,Katelyn Pitts,Claims Administrator
316,2020-02-13T22:48:00,2020-02-13T23:15:00,545.54, Business, Register Claim,Aria Bonilla,Claims Administrator
316,2020-02-14T14:04:00,2020-02-14T14:08:00,545.54, Business, Analyze Claim,Korbin Miranda,Assessor
316,2020-02-14T14:12:00,2020-02-14T14:13:00,545.54, Business, Assess Claim,Sonny Todd,Assessor
316,2020-02-14T18:59:00,2020-02-14T19:03:00,545.54, Business, Finalize Assessment,Alyvia Berger,Claims Officer
316,2020-02-15T12:58:00,2020-02-15T12:58:00,545.54, Business, Approve Assessment,Lexi Larsen,Operations Manager
316,2020-02-16T05:51:00,2020-02-16T18:06:00,545.54, Business, Prepare Claim Settlement,Karter Chapman,Operations Manager
316,2020-02-18T18:42:00,2020-02-18T18:43:00,545.54, Business, Approve Claim Settlement,Morgan Roach,Product Manager
316,2020-02-20T18:18:00,2020-02-20T18:18:00,545.54, Business, Execute Claim Settlement,Kamila Leblanc,Claims Administrator
329,2020-02-15T03:47:00,2020-02-15T04:18:00,7498.28, Property, Register Claim,Morgan Roach,Claims Administrator
329,2020-02-16T04:47:00,2020-02-16T04:54:00,7498.28, Property, Analyze Claim,Korbin Miranda,Assessor
329,2020-02-16T04:57:00,2020-02-16T05:00:00,7498.28, Property, Assess Claim,Korbin Miranda,Assessor
329,2020-02-17T10:34:00,2020-02-17T10:54:00,7498.28, Property, Finalize Assessment,Rayna Jackson,Claims Officer
329,2020-02-19T23:15:00,2020-02-19T23:15:00,7498.28, Property, Approve Assessment,Morgan Roach,Operations Manager
329,2020-02-20T02:38:00,2020-02-20T06:42:00,7498.28, Property, Prepare Claim Settlement,Rayna Jackson,Operations Manager
329,2020-02-24T04:39:00,2020-02-24T04:40:00,7498.28, Property, Approve Claim Settlement,Jaslene Bean,Product Manager
329,2020-02-25T20:11:00,2020-02-25T20:11:00,7498.28, Property, Execute Claim Settlement,Mariam Tate,Claims Administrator
335,2020-02-16T05:46:00,2020-02-16T05:53:00,5790.28, Motor, Register Claim,Lexi Larsen,Claims Administrator
335,2020-02-16T16:55:00,2020-02-16T17:01:00,5790.28, Motor, Analyze Claim,Korbin Miranda,Assessor
335,2020-02-16T17:05:00,2020-02-16T17:06:00,5790.28, Motor, Assess Claim,Sonny Todd,Assessor
335,2020-02-20T11:40:00,2020-02-20T12:07:00,5790.28, Motor, Finalize Assessment,Karter Chapman,Claims Officer
335,2020-02-21T06:35:00,2020-02-21T06:35:00,5790.28, Motor, Approve Assessment,Bailee Barr,Operations Manager
335,2020-02-21T09:26:00,2020-02-21T23:14:00,5790.28, Motor, Prepare Claim Settlement,Karter Chapman,Operations Manager
335,2020-02-26T01:43:00,2020-02-26T01:44:00,5790.28, Motor, Approve Claim Settlement,Emilee Dorsey,Product Manager
335,2020-02-28T20:12:00,2020-02-28T20:12:00,5790.28, Motor, Execute Claim Settlement,Katelyn Pitts,Claims Administrator
35,2020-01-04T17:08:00,2020-01-04T17:47:00,2589.39, Motor, Register Claim,Lexi Larsen,Claims Administrator
35,2020-01-05T10:09:00,2020-01-05T10:15:00,2589.39, Motor, Analyze Claim,Korbin Miranda,Assessor
35,2020-01-05T10:22:00,2020-01-05T10:25:00,2589.39, Motor, Assess Claim,Brynn Warren,Assessor
35,2020-01-05T17:10:00,2020-01-05T17:36:00,2589.39, Motor, Finalize Assessment,Karter Chapman,Claims Officer
35,2020-01-07T03:47:00,2020-01-07T03:47:00,2589.39, Motor, Approve Assessment,Jaslene Bean,Operations Manager
35,2020-01-07T08:23:00,2020-01-07T20:17:00,2589.39, Motor, Prepare Claim Settlement,Alyvia Berger,Operations Manager
35,2020-01-11T04:25:00,2020-01-11T04:26:00,2589.39, Motor, Approve Claim Settlement,Rachael Tanner,Product Manager
35,2020-01-12T14:42:00,2020-01-12T14:42:00,2589.39, Motor, Execute Claim Settlement,Kamila Leblanc,Claims Administrator
352,2020-02-18T19:19:00,2020-02-18T20:09:00,635.87, Motor, Register Claim,Dallas Melendez,Claims Administrator
352,2020-02-19T16:55:00,2020-02-19T17:02:00,635.87, Motor, Analyze Claim,Brynn Warren,Assessor
352,2020-02-19T17:09:00,2020-02-19T17:12:00,635.87, Motor, Assess Claim,Brynn Warren,Assessor
352,2020-02-20T07:08:00,2020-02-20T07:39:00,635.87, Motor, Finalize Assessment,Rayna Jackson,Claims Officer
352,2020-02-21T00:32:00,2020-02-21T00:32:00,635.87, Motor, Approve Assessment,Jaslene Bean,Operations Manager
352,2020-02-21T03:13:00,2020-02-21T09:26:00,635.87, Motor, Prepare Claim Settlement,Karter Chapman,Operations Manager
352,2020-02-25T13:20:00,2020-02-25T13:21:00,635.87, Motor, Approve Claim Settlement,Aria Bonilla,Product Manager
352,2020-02-26T13:22:00,2020-02-26T13:22:00,635.87, Motor, Execute Claim Settlement,Kamila Leblanc,Claims Administrator
368,2020-02-22T04:01:00,2020-02-22T04:08:00,1057.21, Health, Register Claim,Bailee Barr,Claims Administrator
368,2020-02-22T18:23:00,2020-02-22T18:28:00,1057.21, Health, Analyze Claim,Korbin Miranda,Assessor
368,2020-02-22T18:35:00,2020-02-22T18:37:00,1057.21, Health, Assess Claim,Korbin Miranda,Assessor
368,2020-02-25T02:01:00,2020-02-25T02:18:00,1057.21, Health, Finalize Assessment,Karter Chapman,Claims Officer
368,2020-02-26T20:32:00,2020-02-26T20:32:00,1057.21, Health, Approve Assessment,Rachael Tanner,Operations Manager
368,2020-02-27T00:16:00,2020-02-27T14:41:00,1057.21, Health, Prepare Claim Settlement,Karter Chapman,Operations Manager
368,2020-03-03T15:36:00,2020-03-03T15:37:00,1057.21, Health, Approve Claim Settlement,Morgan Roach,Product Manager
368,2020-03-05T22:42:00,2020-03-05T22:42:00,1057.21, Health, Execute Claim Settlement,Katelyn Pitts,Claims Administrator
376,2020-02-23T01:39:00,2020-02-23T01:48:00,33834.47, Motor, Register Claim,Jaylen Gardner,Claims Administrator
376,2020-02-24T01:56:00,2020-02-24T02:03:00,33834.47, Motor, Analyze Claim,Brynn Warren,Assessor
376,2020-02-24T02:11:00,2020-02-24T02:12:00,33834.47, Motor, Assess Claim,Sonny Todd,Assessor
376,2020-02-24T04:24:00,2020-02-24T04:46:00,33834.47, Motor, Finalize Assessment,Alyvia Berger,Claims Officer
376,2020-02-25T04:21:00,2020-02-25T04:21:00,33834.47, Motor, Approve Assessment,Rachael Tanner,Operations Manager
376,2020-02-25T09:30:00,2020-02-25T21:34:00,33834.47, Motor, Prepare Claim Settlement,Karter Chapman,Operations Manager
376,2020-02-27T21:03:00,2020-02-27T21:04:00,33834.47, Motor, Approve Claim Settlement,Bailee Barr,Finance Manager
376,2020-03-02T15:20:00,2020-03-02T15:20:00,33834.47, Motor, Execute Claim Settlement,Mariam Tate,Claims Administrator
384,2020-02-24T02:47:00,2020-02-24T03:43:00,6694.68, Health, Register Claim,Emilee Dorsey,Claims Administrator
384,2020-02-25T02:13:00,2020-02-25T02:17:00,6694.68, Health, Analyze Claim,Korbin Miranda,Assessor
384,2020-02-25T02:22:00,2020-02-25T02:24:00,6694.68, Health, Assess Claim,Korbin Miranda,Assessor
384,2020-02-25T19:40:00,2020-02-25T20:05:00,6694.68, Health, Finalize Assessment,Rayna Jackson,Claims Officer
384,2020-02-28T16:31:00,2020-02-28T16:31:00,6694.68, Health, Approve Assessment,Nathanial Oliver,Operations Manager
384,2020-03-01T00:35:00,2020-03-01T06:27:00,6694.68, Health, Prepare Claim Settlement,Karter Chapman,Operations Manager
384,2020-03-06T02:52:00,2020-03-06T02:53:00,6694.68, Health, Approve Claim Settlement,Roland Salazar,Product Manager
384,2020-03-08T03:11:00,2020-03-08T03:11:00,6694.68, Health, Execute Claim Settlement,Kamila Leblanc,Claims Administrator
40,2020-01-05T08:02:00,2020-01-05T08:28:00,5480.48, Motor, Register Claim,Emilee Dorsey,Claims Administrator
40,2020-01-06T01:30:00,2020-01-06T01:36:00,5480.48, Motor, Analyze Claim,Brynn Warren,Assessor
40,2020-01-06T01:40:00,2020-01-06T01:41:00,5480.48, Motor, Assess Claim,Sonny Todd,Assessor
40,2020-01-06T15:44:00,2020-01-06T16:10:00,5480.48, Motor, Finalize Assessment,Alyvia Berger,Claims Officer
40,2020-01-10T12:09:00,2020-01-10T12:09:00,5480.48, Motor, Approve Assessment,Morgan Roach,Operations Manager
40,2020-01-10T22:35:00,2020-01-11T05:46:00,5480.48, Motor, Prepare Claim Settlement,Karter Chapman,Operations Manager
40,2020-01-15T00:36:00,2020-01-15T00:37:00,5480.48, Motor, Approve Claim Settlement,Emilee Dorsey,Product Manager
40,2020-01-16T06:33:00,2020-01-16T06:33:00,5480.48, Motor, Execute Claim Settlement,Mariam Tate,Claims Administrator
400,2020-02-26T15:05:00,2020-02-26T15:56:00,21712.87, Business, Register Claim,Matilda Escobar,Claims Administrator
400,2020-02-27T16:51:00,2020-02-27T16:58:00,21712.87, Business, Analyze Claim,Korbin Miranda,Assessor
400,2020-02-27T17:04:00,2020-02-27T17:06:00,21712.87, Business, Assess Claim,Sonny Todd,Assessor
400,2020-02-28T19:25:00,2020-02-28T19:54:00,21712.87, Business, Finalize Assessment,Alyvia Berger,Claims Officer
400,2020-03-02T23:35:00,2020-03-02T23:35:00,21712.87, Business, Approve Assessment,Hugh Collins,Operations Manager
400,2020-03-03T02:51:00,2020-03-03T10:11:00,21712.87, Business, Prepare Claim Settlement,Alyvia Berger,Operations Manager
400,2020-03-08T07:26:00,2020-03-08T07:27:00,21712.87, Business, Approve Claim Settlement,Rachael Tanner,Product Manager
400,2020-03-08T21:30:00,2020-03-08T21:30:00,21712.87, Business, Execute Claim Settlement,Kamila Leblanc,Claims Administrator
41,2020-01-05T10:01:00,2020-01-05T10:33:00,24596.73, Motor, Register Claim,Bailee Barr,Claims Administrator
41,2020-01-06T03:07:00,2020-01-06T03:15:00,24596.73, Motor, Analyze Claim,Brynn Warren,Assessor
41,2020-01-06T03:19:00,2020-01-06T03:20:00,24596.73, Motor, Assess Claim,Sonny Todd,Assessor
41,2020-01-06T15:49:00,2020-01-06T16:15:00,24596.73, Motor, Finalize Assessment,Karter Chapman,Claims Officer
41,2020-01-07T10:11:00,2020-01-07T10:11:00,24596.73, Motor, Approve Assessment,Rachael Tanner,Operations Manager
41,2020-01-07T14:23:00,2020-01-08T01:07:00,24596.73, Motor, Prepare Claim Settlement,Karter Chapman,Operations Manager
41,2020-01-11T04:36:00,2020-01-11T04:37:00,24596.73, Motor, Approve Claim Settlement,Emilee Dorsey,Product Manager
41,2020-01-13T08:03:00,2020-01-13T08:03:00,24596.73, Motor, Execute Claim Settlement,Mariam Tate,Claims Administrator
414,2020-02-28T19:23:00,2020-02-28T19:48:00,6898.7, Business, Register Claim,Matilda Escobar,Claims Administrator
414,2020-03-01T06:16:00,2020-03-01T06:20:00,6898.7, Business, Analyze Claim,Brynn Warren,Assessor
414,2020-03-01T06:24:00,2020-03-01T06:26:00,6898.7, Business, Assess Claim,Sonny Todd,Assessor
414,2020-03-04T17:33:00,2020-03-04T18:10:00,6898.7, Business, Finalize Assessment,Rayna Jackson,Claims Officer
414,2020-03-05T08:11:00,2020-03-05T08:11:00,6898.7, Business, Approve Assessment,Dallas Melendez,Operations Manager
414,2020-03-05T13:56:00,2020-03-06T04:17:00,6898.7, Business, Prepare Claim Settlement,Rayna Jackson,Operations Manager
414,2020-03-09T16:42:00,2020-03-09T16:43:00,6898.7, Business, Approve Claim Settlement,Mitchell Mckay,Product Manager
414,2020-03-10T22:37:00,2020-03-10T22:37:00,6898.7, Business, Execute Claim Settlement,Giuliana Cantrell,Claims Administrator
419,2020-03-01T06:58:00,2020-03-01T07:26:00,5890.78, Property, Register Claim,Jaylen Gardner,Claims Administrator
419,2020-03-02T02:41:00,2020-03-02T02:48:00,5890.78, Property, Analyze Claim,Korbin Miranda,Assessor
419,2020-03-02T02:52:00,2020-03-02T02:54:00,5890.78, Property, Assess Claim,Brynn Warren,Assessor
419,2020-03-07T05:03:00,2020-03-07T05:27:00,5890.78, Property, Finalize Assessment,Rayna Jackson,Claims Officer
419,2020-03-08T05:38:00,2020-03-08T05:38:00,5890.78, Property, Approve Assessment,Rachael Tanner,Operations Manager
419,2020-03-08T10:22:00,2020-03-08T14:57:00,5890.78, Property, Prepare Claim Settlement,Rayna Jackson,Operations Manager
419,2020-03-14T03:41:00,2020-03-14T03:42:00,5890.78, Property, Approve Claim Settlement,Aria Bonilla,Product Manager
419,2020-03-15T01:48:00,2020-03-15T01:48:00,5890.78, Property, Execute Claim Settlement,Giuliana Cantrell,Claims Administrator
43,2020-01-05T20:18:00,2020-01-05T21:04:00,4146.37, Health, Register Claim,Dallas Melendez,Claims Administrator
43,2020-01-06T15:18:00,2020-01-06T15:27:00,4146.37, Health, Analyze Claim,Brynn Warren,Assessor
43,2020-01-06T15:35:00,2020-01-06T15:37:00,4146.37, Health, Assess Claim,Brynn Warren,Assessor
43,2020-01-06T21:23:00,2020-01-06T21:50:00,4146.37, Health, Finalize Assessment,Karter Chapman,Claims Officer
43,2020-01-09T10:06:00,2020-01-09T10:06:00,4146.37, Health, Approve Assessment,Nathanial Oliver,Operations Manager
43,2020-01-10T05:23:00,2020-01-10T17:44:00,4146.37, Health, Prepare Claim Settlement,Alyvia Berger,Operations Manager
43,2020-01-12T21:23:00,2020-01-12T21:24:00,4146.37, Health, Approve Claim Settlement,Nathanial Oliver,Product Manager
43,2020-01-18T17:31:00,2020-01-18T17:31:00,4146.37, Health, Execute Claim Settlement,Arturo Horton,Claims Administrator
44,2020-01-05T22:04:00,2020-01-05T22:28:00,10554.53, Health, Register Claim,Rachael Tanner,Claims Administrator
44,2020-01-06T18:44:00,2020-01-06T18:49:00,10554.53, Health, Analyze Claim,Korbin Miranda,Assessor
44,2020-01-06T18:52:00,2020-01-06T18:54:00,10554.53, Health, Assess Claim,Sonny Todd,Assessor
44,2020-01-06T20:33:00,2020-01-06T20:57:00,10554.53, Health, Finalize Assessment,Alyvia Berger,Claims Officer
44,2020-01-08T19:15:00,2020-01-08T19:15:00,10554.53, Health, Approve Assessment,Nathanial Oliver,Operations Manager
44,2020-01-09T04:05:00,2020-01-09T08:06:00,10554.53, Health, Prepare Claim Settlement,Karter Chapman,Operations Manager
44,2020-01-12T18:44:00,2020-01-12T18:45:00,10554.53, Health, Approve Claim Settlement,Bailee Barr,Product Manager
44,2020-01-18T15:57:00,2020-01-18T15:57:00,10554.53, Health, Execute Claim Settlement,Mariam Tate,Claims Administrator
448,2020-03-06T21:05:00,2020-03-06T21:22:00,128.89, Motor, Register Claim,Aria Bonilla,Claims Administrator
448,2020-03-07T18:24:00,2020-03-07T18:29:00,128.89, Motor, Analyze Claim,Sonny Todd,Assessor
448,2020-03-07T18:36:00,2020-03-07T18:38:00,128.89, Motor, Assess Claim,Sonny Todd,Assessor
448,2020-03-08T18:34:00,2020-03-08T19:03:00,128.89, Motor, Finalize Assessment,Alyvia Berger,Claims Officer
448,2020-03-09T08:25:00,2020-03-09T08:25:00,128.89, Motor, Approve Assessment,Roland Salazar,Operations Manager
448,2020-03-09T18:36:00,2020-03-10T09:00:00,128.89, Motor, Prepare Claim Settlement,Rayna Jackson,Operations Manager
448,2020-03-14T11:53:00,2020-03-14T11:54:00,128.89, Motor, Approve Claim Settlement,Nathanial Oliver,Product Manager
448,2020-03-15T01:48:00,2020-03-15T01:48:00,128.89, Motor, Execute Claim Settlement,Giuliana Cantrell,Claims Administrator
457,2020-03-07T19:54:00,2020-03-07T20:13:00,565.07, Motor, Register Claim,Jaylen Gardner,Claims Administrator
457,2020-03-08T11:12:00,2020-03-08T11:17:00,565.07, Motor, Analyze Claim,Sonny Todd,Assessor
457,2020-03-08T11:25:00,2020-03-08T11:27:00,565.07, Motor, Assess Claim,Korbin Miranda,Assessor
457,2020-03-09T00:44:00,2020-03-09T01:03:00,565.07, Motor, Finalize Assessment,Rayna Jackson,Claims Officer
457,2020-03-11T13:34:00,2020-03-11T13:34:00,565.07, Motor, Approve Assessment,Roland Salazar,Operations Manager
457,2020-03-13T03:47:00,2020-03-13T11:06:00,565.07, Motor, Prepare Claim Settlement,Alyvia Berger,Operations Manager
457,2020-03-15T08:30:00,2020-03-15T08:31:00,565.07, Motor, Approve Claim Settlement,Rachael Tanner,Product Manager
457,2020-03-19T04:46:00,2020-03-19T04:46:00,565.07, Motor, Execute Claim Settlement,Giuliana Cantrell,Claims Administrator
47,2020-01-06T04:32:00,2020-01-06T04:50:00,3155.12, Motor, Register Claim,Dallas Melendez,Claims Administrator
47,2020-01-06T16:17:00,2020-01-06T16:25:00,3155.12, Motor, Analyze Claim,Korbin Miranda,Assessor
47,2020-01-06T16:33:00,2020-01-06T16:36:00,3155.12, Motor, Assess Claim,Sonny Todd,Assessor
47,2020-01-06T21:50:00,2020-01-06T22:16:00,3155.12, Motor, Finalize Assessment,Karter Chapman,Claims Officer
47,2020-01-10T11:57:00,2020-01-10T11:57:00,3155.12, Motor, Approve Assessment,Matilda Escobar,Operations Manager
47,2020-01-11T00:27:00,2020-01-11T07:05:00,3155.12, Motor, Prepare Claim Settlement,Alyvia Berger,Operations Manager
47,2020-01-15T06:35:00,2020-01-15T06:36:00,3155.12, Motor, Approve Claim Settlement,Emilee Dorsey,Product Manager
47,2020-01-17T00:09:00,2020-01-17T00:09:00,3155.12, Motor, Execute Claim Settlement,Kamila Leblanc,Claims Administrator
497,2020-03-11T19:37:00,2020-03-11T20:23:00,11008.88, Health, Register Claim,Roland Salazar,Claims Administrator
497,2020-03-12T13:50:00,2020-03-12T13:56:00,11008.88, Health, Analyze Claim,Brynn Warren,Assessor
497,2020-03-12T14:04:00,2020-03-12T14:06:00,11008.88, Health, Assess Claim,Brynn Warren,Assessor
497,2020-03-13T22:04:00,2020-03-13T22:35:00,11008.88, Health, Finalize Assessment,Karter Chapman,Claims Officer
497,2020-03-14T19:05:00,2020-03-14T19:05:00,11008.88, Health, Approve Assessment,Emilee Dorsey,Operations Manager
497,2020-03-16T09:39:00,2020-03-16T13:51:00,11008.88, Health, Prepare Claim Settlement,Rayna Jackson,Operations Manager
497,2020-03-20T06:30:00,2020-03-20T06:31:00,11008.88, Health, Approve Claim Settlement,Bailee Barr,Product Manager
497,2020-03-25T12:37:00,2020-03-25T12:37:00,11008.88, Health, Execute Claim Settlement,Mariam Tate,Claims Administrator
525,2020-03-15T07:45:00,2020-03-15T08:25:00,7243.6, Property, Register Claim,Bailee Barr,Claims Administrator
525,2020-03-16T03:41:00,2020-03-16T03:45:00,7243.6, Property, Analyze Claim,Korbin Miranda,Assessor
525,2020-03-16T03:52:00,2020-03-16T03:54:00,7243.6, Property, Assess Claim,Sonny Todd,Assessor
525,2020-03-16T08:26:00,2020-03-16T08:54:00,7243.6, Property, Finalize Assessment,Rayna Jackson,Claims Officer
525,2020-03-19T06:29:00,2020-03-19T06:29:00,7243.6, Property, Approve Assessment,Matilda Escobar,Operations Manager
525,2020-03-19T18:56:00,2020-03-20T00:45:00,7243.6, Property, Prepare Claim Settlement,Alyvia Berger,Operations Manager
525,2020-03-24T12:07:00,2020-03-24T12:08:00,7243.6, Property, Approve Claim Settlement,Nathanial Oliver,Product Manager
525,2020-03-27T00:25:00,2020-03-27T00:25:00,7243.6, Property, Execute Claim Settlement,Mariam Tate,Claims Administrator
537,2020-03-17T23:38:00,2020-03-18T00:14:00,3131.63, Property, Register Claim,Dallas Melendez,Claims Administrator
537,2020-03-19T00:43:00,2020-03-19T00:49:00,3131.63, Property, Analyze Claim,Sonny Todd,Assessor
537,2020-03-19T00:53:00,2020-03-19T00:55:00,3131.63, Property, Assess Claim,Korbin Miranda,Assessor
537,2020-03-19T20:41:00,2020-03-19T21:14:00,3131.63, Property, Finalize Assessment,Karter Chapman,Claims Officer
537,2020-03-20T18:35:00,2020-03-20T18:35:00,3131.63, Property, Approve Assessment,Mitchell Mckay,Operations Manager
537,2020-03-21T02:59:00,2020-03-21T13:46:00,3131.63, Property, Prepare Claim Settlement,Rayna Jackson,Operations Manager
537,2020-03-26T12:10:00,2020-03-26T12:11:00,3131.63, Property, Approve Claim Settlement,Rachael Tanner,Product Manager
537,2020-03-31T03:11:00,2020-03-31T03:11:00,3131.63, Property, Execute Claim Settlement,Kamila Leblanc,Claims Administrator
56,2020-01-07T20:35:00,2020-01-07T21:30:00,19068.38, Motor, Register Claim,Morgan Roach,Claims Administrator
56,2020-01-08T18:32:00,2020-01-08T18:37:00,19068.38, Motor, Analyze Claim,Korbin Miranda,Assessor
56,2020-01-08T18:43:00,2020-01-08T18:45:00,19068.38, Motor, Assess Claim,Brynn Warren,Assessor
56,2020-01-09T02:02:00,2020-01-09T02:34:00,19068.38, Motor, Finalize Assessment,Alyvia Berger,Claims Officer
56,2020-01-11T05:48:00,2020-01-11T05:48:00,19068.38, Motor, Approve Assessment,Lexi Larsen,Operations Manager
56,2020-01-11T19:51:00,2020-01-12T01:19:00,19068.38, Motor, Prepare Claim Settlement,Karter Chapman,Operations Manager
56,2020-01-16T14:23:00,2020-01-16T14:24:00,19068.38, Motor, Approve Claim Settlement,Mitchell Mckay,Product Manager
56,2020-01-17T06:53:00,2020-01-17T06:53:00,19068.38, Motor, Execute Claim Settlement,Kamila Leblanc,Claims Administrator
595,2020-03-25T12:07:00,2020-03-25T12:42:00,3524.87, Motor, Register Claim,Emilee Dorsey,Claims Administrator
595,2020-03-25T23:13:00,2020-03-25T23:18:00,3524.87, Motor, Analyze Claim,Sonny Todd,Assessor
595,2020-03-25T23:23:00,2020-03-25T23:25:00,3524.87, Motor, Assess Claim,Sonny Todd,Assessor
595,2020-03-29T16:54:00,2020-03-29T17:17:00,3524.87, Motor, Finalize Assessment,Rayna Jackson,Claims Officer
595,2020-03-30T16:56:00,2020-03-30T16:56:00,3524.87, Motor, Approve Assessment,Jaylen Gardner,Operations Manager
595,2020-03-30T21:43:00,2020-03-31T11:02:00,3524.87, Motor, Prepare Claim Settlement,Rayna Jackson,Operations Manager
595,2020-04-05T11:57:00,2020-04-05T11:58:00,3524.87, Motor, Approve Claim Settlement,Morgan Roach,Product Manager
595,2020-04-06T19:20:00,2020-04-06T19:20:00,3524.87, Motor, Execute Claim Settlement,Arturo Horton,Claims Administrator
596,2020-03-25T19:01:00,2020-03-25T19:46:00,410.09, Health, Register Claim,Rachael Tanner,Claims Administrator
596,2020-03-26T05:20:00,2020-03-26T05:24:00,410.09, Health, Analyze Claim,Sonny Todd,Assessor
596,2020-03-26T05:29:00,2020-03-26T05:31:00,410.09, Health, Assess Claim,Brynn Warren,Assessor
596,2020-03-26T15:18:00,2020-03-26T15:49:00,410.09, Health, Finalize Assessment,Karter Chapman,Claims Officer
596,2020-03-27T08:15:00,2020-03-27T08:15:00,410.09, Health, Approve Assessment,Jaslene Bean,Operations Manager
596,2020-03-27T12:22:00,2020-03-27T18:51:00,410.09, Health, Prepare Claim Settlement,Alyvia Berger,Operations Manager
596,2020-03-31T02:53:00,2020-03-31T02:54:00,410.09, Health, Approve Claim Settlement,Mitchell Mckay,Product Manager
596,2020-04-03T16:22:00,2020-04-03T16:22:00,410.09, Health, Execute Claim Settlement,Katelyn Pitts,Claims Administrator
606,2020-03-26T14:52:00,2020-03-26T14:59:00,26099.13, Motor, Register Claim,Morgan Roach,Claims Administrator
606,2020-03-27T00:59:00,2020-03-27T03:04:00,26099.13, Motor, Analyze Claim,Sonny Todd,Assessor
606,2020-03-27T03:12:00,2020-03-27T03:15:00,26099.13, Motor, Assess Claim,Brynn Warren,Assessor
606,2020-03-27T16:06:00,2020-03-27T16:15:00,26099.13, Motor, Finalize Assessment,Rayna Jackson,Claims Officer
606,2020-03-28T07:28:00,2020-03-28T07:28:00,26099.13, Motor, Approve Assessment,Bailee Barr,Operations Manager
606,2020-03-28T22:00:00,2020-03-29T03:12:00,26099.13, Motor, Prepare Claim Settlement,Alyvia Berger,Operations Manager
606,2020-04-06T21:26:00,2020-04-06T21:27:00,26099.13, Motor, Approve Claim Settlement,Morgan Roach,Product Manager
606,2020-04-08T01:36:00,2020-04-08T01:36:00,26099.13, Motor, Execute Claim Settlement,Kamila Leblanc,Claims Administrator
620,2020-03-30T14:30:00,2020-03-30T15:26:00,12428.25, Business, Register Claim,Matilda Escobar,Claims Administrator
620,2020-03-31T10:53:00,2020-03-31T11:01:00,12428.25, Business, Analyze Claim,Brynn Warren,Assessor
620,2020-03-31T11:09:00,2020-03-31T11:12:00,12428.25, Business, Assess Claim,Sonny Todd,Assessor
620,2020-04-02T10:33:00,2020-04-02T11:01:00,12428.25, Business, Finalize Assessment,Karter Chapman,Claims Officer
620,2020-04-03T14:34:00,2020-04-03T14:34:00,12428.25, Business, Approve Assessment,Aria Bonilla,Operations Manager
620,2020-04-04T10:13:00,2020-04-04T14:59:00,12428.25, Business, Prepare Claim Settlement,Alyvia Berger,Operations Manager
620,2020-04-07T06:05:00,2020-04-07T06:06:00,12428.25, Business, Approve Claim Settlement,Hugh Collins,Product Manager
620,2020-04-11T13:03:00,2020-04-11T13:03:00,12428.25, Business, Execute Claim Settlement,Giuliana Cantrell,Claims Administrator
644,2020-04-03T16:56:00,2020-04-03T17:34:00,10874.88, Health, Register Claim,Lexi Larsen,Claims Administrator
644,2020-04-04T09:00:00,2020-04-04T09:05:00,10874.88, Health, Analyze Claim,Brynn Warren,Assessor
644,2020-04-04T09:09:00,2020-04-04T09:10:00,10874.88, Health, Assess Claim,Brynn Warren,Assessor
644,2020-04-04T22:23:00,2020-04-04T22:45:00,10874.88, Health, Finalize Assessment,Rayna Jackson,Claims Officer
644,2020-04-05T16:21:00,2020-04-05T16:21:00,10874.88, Health, Approve Assessment,Mitchell Mckay,Operations Manager
644,2020-04-07T13:00:00,2020-04-07T23:25:00,10874.88, Health, Prepare Claim Settlement,Rayna Jackson,Operations Manager
644,2020-04-10T02:13:00,2020-04-10T02:14:00,10874.88, Health, Approve Claim Settlement,Mitchell Mckay,Product Manager
644,2020-04-11T22:40:00,2020-04-11T22:40:00,10874.88, Health, Execute Claim Settlement,Katelyn Pitts,Claims Administrator
649,2020-04-04T09:59:00,2020-04-04T10:17:00,2311.13, Motor, Register Claim,Rachael Tanner,Claims Administrator
649,2020-04-04T21:33:00,2020-04-04T21:40:00,2311.13, Motor, Analyze Claim,Brynn Warren,Assessor
649,2020-04-04T21:47:00,2020-04-04T21:48:00,2311.13, Motor, Assess Claim,Sonny Todd,Assessor
649,2020-04-08T22:42:00,2020-04-08T22:55:00,2311.13, Motor, Finalize Assessment,Rayna Jackson,Claims Officer
649,2020-04-09T23:42:00,2020-04-09T23:42:00,2311.13, Motor, Approve Assessment,Jaylen Gardner,Operations Manager
649,2020-04-10T15:39:00,2020-04-11T00:06:00,2311.13, Motor, Prepare Claim Settlement,Alyvia Berger,Operations Manager
649,2020-04-15T01:23:00,2020-04-15T01:24:00,2311.13, Motor, Approve Claim Settlement,Mitchell Mckay,Product Manager
649,2020-04-16T07:29:00,2020-04-16T07:29:00,2311.13, Motor, Execute Claim Settlement,Giuliana Cantrell,Claims Administrator
660,2020-04-05T07:07:00,2020-04-05T07:23:00,15740.14, Motor, Register Claim,Lexi Larsen,Claims Administrator
660,2020-04-05T22:41:00,2020-04-05T22:48:00,15740.14, Motor, Analyze Claim,Sonny Todd,Assessor
660,2020-04-05T22:53:00,2020-04-05T22:55:00,15740.14, Motor, Assess Claim,Korbin Miranda,Assessor
660,2020-04-11T00:32:00,2020-04-11T00:44:00,15740.14, Motor, Finalize Assessment,Alyvia Berger,Claims Officer
660,2020-04-11T21:22:00,2020-04-11T21:22:00,15740.14, Motor, Approve Assessment,Dallas Melendez,Operations Manager
660,2020-04-13T06:57:00,2020-04-13T13:04:00,15740.14, Motor, Prepare Claim Settlement,Karter Chapman,Operations Manager
660,2020-04-16T10:48:00,2020-04-16T10:49:00,15740.14, Motor, Approve Claim Settlement,Emilee Dorsey,Product Manager
660,2020-04-18T08:08:00,2020-04-18T08:08:00,15740.14, Motor, Execute Claim Settlement,Katelyn Pitts,Claims Administrator
672,2020-04-07T07:11:00,2020-04-07T07:48:00,8986.36, Health, Register Claim,Jaylen Gardner,Claims Administrator
672,2020-04-07T19:50:00,2020-04-07T19:54:00,8986.36, Health, Analyze Claim,Sonny Todd,Assessor
672,2020-04-07T20:01:00,2020-04-07T20:04:00,8986.36, Health, Assess Claim,Korbin Miranda,Assessor
672,2020-04-11T11:49:00,2020-04-11T12:03:00,8986.36, Health, Finalize Assessment,Alyvia Berger,Claims Officer
672,2020-04-13T06:41:00,2020-04-13T06:41:00,8986.36, Health, Approve Assessment,Matilda Escobar,Operations Manager
672,2020-04-13T09:09:00,2020-04-13T16:39:00,8986.36, Health, Prepare Claim Settlement,Rayna Jackson,Operations Manager
672,2020-04-16T14:03:00,2020-04-16T14:04:00,8986.36, Health, Approve Claim Settlement,Jaylen Gardner,Product Manager
672,2020-04-18T08:45:00,2020-04-18T08:45:00,8986.36, Health, Execute Claim Settlement,Giuliana Cantrell,Claims Administrator
68,2020-01-09T08:15:00,2020-01-09T09:10:00,823.31, Motor, Register Claim,Aria Bonilla,Claims Administrator
68,2020-01-10T04:30:00,2020-01-10T04:34:00,823.31, Motor, Analyze Claim,Korbin Miranda,Assessor
68,2020-01-10T04:37:00,2020-01-10T04:38:00,823.31, Motor, Assess Claim,Sonny Todd,Assessor
68,2020-01-12T04:33:00,2020-01-12T04:53:00,823.31, Motor, Finalize Assessment,Rayna Jackson,Claims Officer
68,2020-01-13T04:42:00,2020-01-13T04:42:00,823.31, Motor, Approve Assessment,Bailee Barr,Operations Manager
68,2020-01-13T08:53:00,2020-01-13T23:17:00,823.31, Motor, Prepare Claim Settlement,Karter Chapman,Operations Manager
68,2020-01-18T23:36:00,2020-01-18T23:37:00,823.31, Motor, Approve Claim Settlement,Matilda Escobar,Product Manager
68,2020-01-20T08:17:00,2020-01-20T08:17:00,823.31, Motor, Execute Claim Settlement,Kamila Leblanc,Claims Administrator
680,2020-04-08T20:59:00,2020-04-08T21:09:00,11205.13, Motor, Register Claim,Jaylen Gardner,Claims Administrator
680,2020-04-09T17:28:00,2020-04-09T17:35:00,11205.13, Motor, Analyze Claim,Sonny Todd,Assessor
680,2020-04-09T17:39:00,2020-04-09T17:41:00,11205.13, Motor, Assess Claim,Sonny Todd,Assessor
680,2020-04-11T11:18:00,2020-04-11T11:38:00,11205.13, Motor, Finalize Assessment,Rayna Jackson,Claims Officer
680,2020-04-11T23:05:00,2020-04-11T23:05:00,11205.13, Motor, Approve Assessment,Jaslene Bean,Operations Manager
680,2020-04-12T01:14:00,2020-04-12T13:41:00,11205.13, Motor, Prepare Claim Settlement,Alyvia Berger,Operations Manager
680,2020-04-16T09:28:00,2020-04-16T09:29:00,11205.13, Motor, Approve Claim Settlement,Nathanial Oliver,Product Manager
680,2020-04-18T06:51:00,2020-04-18T06:51:00,11205.13, Motor, Execute Claim Settlement,Katelyn Pitts,Claims Administrator
69,2020-01-09T10:13:00,2020-01-09T10:41:00,8841.01, Health, Register Claim,Rachael Tanner,Claims Administrator
69,2020-01-10T00:00:00,2020-01-10T00:06:00,8841.01, Health, Analyze Claim,Korbin Miranda,Assessor
69,2020-01-10T00:09:00,2020-01-10T00:11:00,8841.01, Health, Assess Claim,Korbin Miranda,Assessor
69,2020-01-10T03:28:00,2020-01-10T03:53:00,8841.01, Health, Finalize Assessment,Rayna Jackson,Claims Officer
69,2020-01-11T08:53:00,2020-01-11T08:53:00,8841.01, Health, Approve Assessment,Roland Salazar,Operations Manager
69,2020-01-11T22:03:00,2020-01-12T04:31:00,8841.01, Health, Prepare Claim Settlement,Alyvia Berger,Operations Manager
69,2020-01-17T18:18:00,2020-01-17T18:19:00,8841.01, Health, Approve Claim Settlement,Hugh Collins,Product Manager
69,2020-01-20T12:17:00,2020-01-20T12:17:00,8841.01, Health, Execute Claim Settlement,Arturo Horton,Claims Administrator
714,2020-04-14T05:15:00,2020-04-14T05:52:00,24871.54, Property, Register Claim,Hugh Collins,Claims Administrator
714,2020-04-14T18:50:00,2020-04-14T18:57:00,24871.54, Property, Analyze Claim,Sonny Todd,Assessor
714,2020-04-14T19:03:00,2020-04-14T19:05:00,24871.54, Property, Assess Claim,Brynn Warren,Assessor
714,2020-04-17T01:39:00,2020-04-17T01:51:00,24871.54, Property, Finalize Assessment,Karter Chapman,Claims Officer
714,2020-04-19T04:22:00,2020-04-19T04:22:00,24871.54, Property, Approve Assessment,Emilee Dorsey,Operations Manager
714,2020-04-20T09:13:00,2020-04-20T13:42:00,24871.54, Property, Prepare Claim Settlement,Rayna Jackson,Operations Manager
714,2020-04-24T07:33:00,2020-04-24T07:34:00,24871.54, Property, Approve Claim Settlement,Jaylen Gardner,Product Manager
714,2020-04-25T01:58:00,2020-04-25T01:58:00,24871.54, Property, Execute Claim Settlement,Giuliana Cantrell,Claims Administrator
720,2020-04-14T16:34:00,2020-04-14T16:44:00,10777.87, Property, Register Claim,Lexi Larsen,Claims Administrator
720,2020-04-15T07:33:00,2020-04-15T07:39:00,10777.87, Property, Analyze Claim,Brynn Warren,Assessor
720,2020-04-15T07:45:00,2020-04-15T07:47:00,10777.87, Property, Assess Claim,Sonny Todd,Assessor
720,2020-04-17T03:04:00,2020-04-17T03:18:00,10777.87, Property, Finalize Assessment,Karter Chapman,Claims Officer
720,2020-04-18T00:53:00,2020-04-18T00:53:00,10777.87, Property, Approve Assessment,Nathanial Oliver,Operations Manager
720,2020-04-18T03:33:00,2020-04-18T13:05:00,10777.87, Property, Prepare Claim Settlement,Karter Chapman,Operations Manager
720,2020-04-21T07:47:00,2020-04-21T07:48:00,10777.87, Property, Approve Claim Settlement,Hugh Collins,Product Manager
720,2020-04-25T02:22:00,2020-04-25T02:22:00,10777.87, Property, Execute Claim Settlement,Giuliana Cantrell,Claims Administrator
73,2020-01-09T22:33:00,2020-01-09T22:46:00,2650.32, Property, Register Claim,Jaslene Bean,Claims Administrator
73,2020-01-10T23:15:00,2020-01-10T23:24:00,2650.32, Property, Analyze Claim,Brynn Warren,Assessor
73,2020-01-10T23:27:00,2020-01-10T23:29:00,2650.32, Property, Assess Claim,Korbin Miranda,Assessor
73,2020-01-12T03:28:00,2020-01-12T03:41:00,2650.32, Property, Finalize Assessment,Karter Chapman,Claims Officer
73,2020-01-15T16:04:00,2020-01-15T16:04:00,2650.32, Property, Approve Assessment,Hugh Collins,Operations Manager
73,2020-01-16T03:24:00,2020-01-16T16:58:00,2650.32, Property, Prepare Claim Settlement,Alyvia Berger,Operations Manager
73,2020-01-19T16:23:00,2020-01-19T16:24:00,2650.32, Property, Approve Claim Settlement,Hugh Collins,Product Manager
73,2020-01-20T08:17:00,2020-01-20T08:17:00,2650.32, Property, Execute Claim Settlement,Kamila Leblanc,Claims Administrator
789,2020-04-27T10:48:00,2020-04-27T11:28:00,17559.86, Property, Register Claim,Hugh Collins,Claims Administrator
789,2020-04-27T21:56:00,2020-04-27T22:02:00,17559.86, Property, Analyze Claim,Korbin Miranda,Assessor
789,2020-04-27T22:08:00,2020-04-27T22:11:00,17559.86, Property, Assess Claim,Brynn Warren,Assessor
789,2020-04-29T00:16:00,2020-04-29T00:35:00,17559.86, Property, Finalize Assessment,Rayna Jackson,Claims Officer
789,2020-04-29T19:14:00,2020-04-29T19:14:00,17559.86, Property, Approve Assessment,Nathanial Oliver,Operations Manager
789,2020-05-02T10:25:00,2020-05-02T14:31:00,17559.86, Property, Prepare Claim Settlement,Karter Chapman,Operations Manager
789,2020-05-06T16:48:00,2020-05-06T16:49:00,17559.86, Property, Approve Claim Settlement,Jaslene Bean,Product Manager
789,2020-05-08T20:17:00,2020-05-08T20:17:00,17559.86, Property, Execute Claim Settlement,Giuliana Cantrell,Claims Administrator
79,2020-01-10T14:10:00,2020-01-10T14:56:00,2792.51, Motor, Register Claim,Rachael Tanner,Claims Administrator
79,2020-01-11T07:32:00,2020-01-11T07:37:00,2792.51, Motor, Analyze Claim,Korbin Miranda,Assessor
79,2020-01-11T07:41:00,2020-01-11T07:43:00,2792.51, Motor, Assess Claim,Sonny Todd,Assessor
79,2020-01-12T04:53:00,2020-01-12T05:10:00,2792.51, Motor, Finalize Assessment,Rayna Jackson,Claims Officer
79,2020-01-13T00:03:00,2020-01-13T00:03:00,2792.51, Motor, Approve Assessment,Mitchell Mckay,Operations Manager
79,2020-01-13T03:15:00,2020-01-13T07:14:00,2792.51, Motor, Prepare Claim Settlement,Rayna Jackson,Operations Manager
79,2020-01-17T04:02:00,2020-01-17T04:03:00,2792.51, Motor, Approve Claim Settlement,Mitchell Mckay,Product Manager
79,2020-01-19T11:15:00,2020-01-19T11:15:00,2792.51, Motor, Execute Claim Settlement,Kamila Leblanc,Claims Administrator
83,2020-01-10T20:41:00,2020-01-10T20:53:00,20446.81, Property, Register Claim,Mitchell Mckay,Claims Administrator
83,2020-01-11T20:31:00,2020-01-11T20:36:00,20446.81, Property, Analyze Claim,Korbin Miranda,Assessor
83,2020-01-11T20:41:00,2020-01-11T20:43:00,20446.81, Property, Assess Claim,Korbin Miranda,Assessor
83,2020-01-12T02:02:00,2020-01-12T02:28:00,20446.81, Property, Finalize Assessment,Karter Chapman,Claims Officer
83,2020-01-12T15:32:00,2020-01-12T15:32:00,20446.81, Property, Approve Assessment,Aria Bonilla,Operations Manager
83,2020-01-12T18:50:00,2020-01-13T00:34:00,20446.81, Property, Prepare Claim Settlement,Rayna Jackson,Operations Manager
83,2020-01-17T11:01:00,2020-01-17T11:02:00,20446.81, Property, Approve Claim Settlement,Hugh Collins,Product Manager
83,2020-01-19T10:10:00,2020-01-19T10:10:00,20446.81, Property, Execute Claim Settlement,Katelyn Pitts,Claims Administrator
832,2020-05-03T07:26:00,2020-05-03T08:00:00,7424.79, Business, Register Claim,Emilee Dorsey,Claims Administrator
832,2020-05-04T08:03:00,2020-05-04T08:08:00,7424.79, Business, Analyze Claim,Korbin Miranda,Assessor
832,2020-05-04T08:12:00,2020-05-04T08:14:00,7424.79, Business, Assess Claim,Brynn Warren,Assessor
832,2020-05-05T21:20:00,2020-05-05T21:28:00,7424.79, Business, Finalize Assessment,Rayna Jackson,Claims Officer
832,2020-05-07T04:43:00,2020-05-07T04:43:00,7424.79, Business, Approve Assessment,Nathanial Oliver,Operations Manager
832,2020-05-07T07:32:00,2020-05-07T16:04:00,7424.79, Business, Prepare Claim Settlement,Alyvia Berger,Operations Manager
832,2020-05-10T04:10:00,2020-05-10T04:11:00,7424.79, Business, Approve Claim Settlement,Matilda Escobar,Product Manager
832,2020-05-12T12:27:00,2020-05-12T12:27:00,7424.79, Business, Execute Claim Settlement,Kamila Leblanc,Claims Administrator
837,2020-05-04T00:34:00,2020-05-04T01:20:00,989.59, Property, Register Claim,Matilda Escobar,Claims Administrator
837,2020-05-04T16:20:00,2020-05-04T16:24:00,989.59, Property, Analyze Claim,Sonny Todd,Assessor
837,2020-05-04T16:30:00,2020-05-04T16:32:00,989.59, Property, Assess Claim,Sonny Todd,Assessor
837,2020-05-08T13:56:00,2020-05-08T14:29:00,989.59, Property, Finalize Assessment,Rayna Jackson,Claims Officer
837,2020-05-09T08:52:00,2020-05-09T08:52:00,989.59, Property, Approve Assessment,Matilda Escobar,Operations Manager
837,2020-05-09T11:05:00,2020-05-09T15:44:00,989.59, Property, Prepare Claim Settlement,Rayna Jackson,Operations Manager
837,2020-05-14T06:56:00,2020-05-14T06:57:00,989.59, Property, Approve Claim Settlement,Nathanial Oliver,Product Manager
837,2020-05-17T06:00:00,2020-05-17T06:00:00,989.59, Property, Execute Claim Settlement,Arturo Horton,Claims Administrator
91,2020-01-12T17:43:00,2020-01-12T18:19:00,1417.55, Motor, Register Claim,Jaslene Bean,Claims Administrator
91,2020-01-13T07:10:00,2020-01-13T07:17:00,1417.55, Motor, Analyze Claim,Brynn Warren,Assessor
91,2020-01-13T07:21:00,2020-01-13T07:23:00,1417.55, Motor, Assess Claim,Sonny Todd,Assessor
91,2020-01-16T02:41:00,2020-01-16T03:12:00,1417.55, Motor, Finalize Assessment,Rayna Jackson,Claims Officer
91,2020-01-17T05:33:00,2020-01-17T05:33:00,1417.55, Motor, Approve Assessment,Aria Bonilla,Operations Manager
91,2020-01-17T08:50:00,2020-01-17T14:39:00,1417.55, Motor, Prepare Claim Settlement,Karter Chapman,Operations Manager
91,2020-01-20T15:28:00,2020-01-20T15:29:00,1417.55, Motor, Approve Claim Settlement,Dallas Melendez,Product Manager
91,2020-01-22T07:30:00,2020-01-22T07:30:00,1417.55, Motor, Execute Claim Settlement,Katelyn Pitts,Claims Administrator
915,2020-05-14T20:47:00,2020-05-14T20:57:00,7996.14, Motor, Register Claim,Nathanial Oliver,Claims Administrator
915,2020-05-15T20:35:00,2020-05-15T20:43:00,7996.14, Motor, Analyze Claim,Brynn Warren,Assessor
915,2020-05-15T20:51:00,2020-05-15T20:53:00,7996.14, Motor, Assess Claim,Brynn Warren,Assessor
915,2020-05-16T08:19:00,2020-05-16T08:44:00,7996.14, Motor, Finalize Assessment,Karter Chapman,Claims Officer
915,2020-05-18T13:27:00,2020-05-18T13:27:00,7996.14, Motor, Approve Assessment,Nathanial Oliver,Operations Manager
915,2020-05-18T23:59:00,2020-05-19T09:38:00,7996.14, Motor, Prepare Claim Settlement,Rayna Jackson,Operations Manager
915,2020-05-23T04:59:00,2020-05-23T05:00:00,7996.14, Motor, Approve Claim Settlement,Emilee Dorsey,Product Manager
915,2020-05-24T17:30:00,2020-05-24T17:30:00,7996.14, Motor, Execute Claim Settlement,Arturo Horton,Claims Administrator
921,2020-05-15T11:24:00,2020-05-15T12:08:00,8286.18, Property, Register Claim,Jaslene Bean,Claims Administrator
921,2020-05-16T08:42:00,2020-05-16T08:50:00,8286.18, Property, Analyze Claim,Sonny Todd,Assessor
921,2020-05-16T08:56:00,2020-05-16T08:57:00,8286.18, Property, Assess Claim,Brynn Warren,Assessor
921,2020-05-17T17:13:00,2020-05-17T17:37:00,8286.18, Property, Finalize Assessment,Alyvia Berger,Claims Officer
921,2020-05-20T17:29:00,2020-05-20T17:29:00,8286.18, Property, Approve Assessment,Dallas Melendez,Operations Manager
921,2020-05-21T03:48:00,2020-05-21T18:17:00,8286.18, Property, Prepare Claim Settlement,Alyvia Berger,Operations Manager
921,2020-05-27T01:23:00,2020-05-27T01:24:00,8286.18, Property, Approve Claim Settlement,Rachael Tanner,Product Manager
921,2020-05-28T01:04:00,2020-05-28T01:04:00,8286.18, Property, Execute Claim Settlement,Katelyn Pitts,Claims Administrator
931,2020-05-16T09:54:00,2020-05-16T10:29:00,4583.38, Motor, Register Claim,Mitchell Mckay,Claims Administrator
931,2020-05-17T08:33:00,2020-05-17T08:42:00,4583.38, Motor, Analyze Claim,Sonny Todd,Assessor
931,2020-05-17T08:48:00,2020-05-17T08:50:00,4583.38, Motor, Assess Claim,Brynn Warren,Assessor
931,2020-05-21T19:04:00,2020-05-21T19:36:00,4583.38, Motor, Finalize Assessment,Rayna Jackson,Claims Officer
931,2020-05-22T16:47:00,2020-05-22T16:47:00,4583.38, Motor, Approve Assessment,Aria Bonilla,Operations Manager
931,2020-05-23T10:05:00,2020-05-23T20:44:00,4583.38, Motor, Prepare Claim Settlement,Alyvia Berger,Operations Manager
931,2020-05-26T08:50:00,2020-05-26T08:51:00,4583.38, Motor, Approve Claim Settlement,Mitchell Mckay,Product Manager
931,2020-05-29T06:19:00,2020-05-29T06:19:00,4583.38, Motor, Execute Claim Settlement,Mariam Tate,Claims Administrator
